{
    "query": {
        "bool": {
            "must_not": [
                {
                    "query_string": {
                        "fields": [ "trigram" ],
                        "query": "edg OR api OR pga OR trv"
                    }
                },
                {
                    "query_string": {
                        "fields": [ "service" ],
                        "query": "Configure an old VM"
                    }
                }
            ],
            "must": [
                {
                    "query_string": {
                        "fields": [ "status" ],
                        "query": "failure"
                    }
                },
                {
                    "range": {
                        "timestamp": {
                            "gte": 1520204400000,
                            "lte": 1520290799999,
                            "format": "epoch_millis"
                        }
                    }
                }
            ]
        }
    },
    "_source": {
        "excludes": []
    },
    "aggs": {
        "5": {
            "terms": {
                "field": "timestamp",
                "order": {
                    "_count": "desc"
                },
                "size": 100
            }
        }
    },
    "size": 100
}

