{
  "execution" : "sequential",
  "topology":[
    {
      "verb":"POST",
      "url":"https://itaas-prod.fr.world.socgen:10443/v2/nodes",
      "ref_name" : "python",
      "data":{
        "kind":"linux",
        "label":"python",
        "app_trigram":"TRIGRAM",
        "size":"S",
        "disksize":20,
        "leasedays":1,
        "centrify_zone":"CENTRIFY_ZONE",
        "service_account":"VM_USER",
        "usergroup":"stdusers",
        "environment_type":"dev",
        "description":"My Wonderful VM created via Puppet",
        "notifymail":"nope@sgcib.com"
      }
    }
  ]
}
